time,temperature_2m,relative_humidity_2m,apparent_temperature,precipitation_probability
2025-07-21 00:00:00,80.9,83,91.0,0
2025-07-21 01:00:00,80.1,86,89.3,0
2025-07-21 02:00:00,80.5,84,90.5,0
2025-07-21 03:00:00,79.4,91,89.4,0
2025-07-21 04:00:00,79.0,89,89.5,1
2025-07-21 05:00:00,78.8,89,88.7,0
2025-07-21 06:00:00,79.0,87,88.5,1
2025-07-21 07:00:00,78.7,87,88.3,0
2025-07-21 08:00:00,81.0,89,92.8,0
2025-07-21 09:00:00,85.5,84,98.6,0
2025-07-21 10:00:00,87.5,77,99.1,1
2025-07-21 11:00:00,87.7,80,100.6,1
2025-07-21 12:00:00,89.7,71,102.7,1
2025-07-21 13:00:00,89.7,71,103.3,1
2025-07-21 14:00:00,91.1,67,105.1,2
2025-07-21 15:00:00,90.5,70,103.6,2
2025-07-21 16:00:00,90.5,69,103.0,1
2025-07-21 17:00:00,87.6,74,96.6,1
2025-07-21 18:00:00,86.2,77,95.8,1
2025-07-21 19:00:00,86.4,75,96.2,1
2025-07-21 20:00:00,84.6,78,94.9,1
2025-07-21 21:00:00,83.0,85,94.7,1
2025-07-21 22:00:00,82.0,85,92.7,1
2025-07-21 23:00:00,82.4,79,91.6,1
2025-07-22 00:00:00,81.5,82,91.1,1
2025-07-22 01:00:00,81.5,82,90.6,1
2025-07-22 02:00:00,80.7,85,90.7,3
2025-07-22 03:00:00,79.9,88,90.3,7
2025-07-22 04:00:00,80.2,86,89.4,6
2025-07-22 05:00:00,80.1,86,89.6,4
2025-07-22 06:00:00,80.2,85,89.5,6
2025-07-22 07:00:00,80.7,89,91.1,10
2025-07-22 08:00:00,83.2,87,95.1,5
2025-07-22 09:00:00,86.0,78,96.7,10
2025-07-22 10:00:00,83.6,80,93.6,16
2025-07-22 11:00:00,84.2,78,93.2,23
2025-07-22 12:00:00,83.7,86,94.6,42
2025-07-22 13:00:00,84.2,85,94.1,39
2025-07-22 14:00:00,85.0,79,93.6,28
2025-07-22 15:00:00,87.5,68,95.7,16
2025-07-22 16:00:00,85.1,70,95.1,6
2025-07-22 17:00:00,87.9,63,96.3,3
2025-07-22 18:00:00,87.6,68,95.9,3
2025-07-22 19:00:00,85.3,75,94.7,2
2025-07-22 20:00:00,84.0,77,93.4,2
2025-07-22 21:00:00,82.9,73,90.7,5
2025-07-22 22:00:00,79.8,87,89.1,5
2025-07-22 23:00:00,80.0,87,90.6,7
2025-07-23 00:00:00,80.0,85,90.1,10
2025-07-23 01:00:00,80.4,82,90.1,6
2025-07-23 02:00:00,78.7,88,88.6,8
2025-07-23 03:00:00,77.9,91,87.9,9
2025-07-23 04:00:00,78.0,89,87.8,8
2025-07-23 05:00:00,79.1,87,89.5,4
2025-07-23 06:00:00,77.9,86,87.0,4
2025-07-23 07:00:00,77.1,90,86.0,3
2025-07-23 08:00:00,79.6,94,91.5,6
2025-07-23 09:00:00,81.8,92,94.1,9
2025-07-23 10:00:00,85.8,79,97.8,13
2025-07-23 11:00:00,83.9,86,94.7,21
2025-07-23 12:00:00,84.2,87,97.0,33
2025-07-23 13:00:00,79.0,98,90.9,26
2025-07-23 14:00:00,84.9,77,95.1,30
2025-07-23 15:00:00,86.5,73,96.5,35
2025-07-23 16:00:00,86.6,68,95.2,41
2025-07-23 17:00:00,78.8,96,84.9,67
2025-07-23 18:00:00,77.4,93,87.5,75
2025-07-23 19:00:00,77.4,92,86.7,68
2025-07-23 20:00:00,77.6,93,87.3,46
2025-07-23 21:00:00,77.0,93,85.7,26
2025-07-23 22:00:00,76.5,93,85.4,13
2025-07-23 23:00:00,77.0,93,87.1,9
2025-07-24 00:00:00,76.9,89,84.7,6
2025-07-24 01:00:00,76.4,95,85.6,16
2025-07-24 02:00:00,76.4,95,85.5,17
2025-07-24 03:00:00,76.3,94,85.0,14
2025-07-24 04:00:00,76.1,93,84.7,6
2025-07-24 05:00:00,75.9,94,84.5,4
2025-07-24 06:00:00,76.0,92,84.2,3
2025-07-24 07:00:00,76.1,90,83.5,3
2025-07-24 08:00:00,78.2,92,87.7,5
2025-07-24 09:00:00,81.2,86,89.8,7
2025-07-24 10:00:00,83.4,84,93.1,1
2025-07-24 11:00:00,86.2,69,95.1,2
2025-07-24 12:00:00,87.8,67,98.8,4
2025-07-24 13:00:00,87.8,66,99.9,3
2025-07-24 14:00:00,89.2,65,103.0,4
2025-07-24 15:00:00,88.5,68,100.5,5
2025-07-24 16:00:00,90.5,61,102.2,3
2025-07-24 17:00:00,89.3,65,99.4,13
2025-07-24 18:00:00,89.0,62,96.3,10
2025-07-24 19:00:00,85.5,65,91.0,15
2025-07-24 20:00:00,80.6,85,90.0,36
2025-07-24 21:00:00,78.0,91,86.4,58
2025-07-24 22:00:00,78.1,90,87.5,46
2025-07-24 23:00:00,77.8,89,86.2,25
2025-07-25 00:00:00,77.9,93,87.9,4
2025-07-25 01:00:00,77.0,93,86.6,1
2025-07-25 02:00:00,76.9,94,87.0,2
2025-07-25 03:00:00,76.4,93,86.0,1
2025-07-25 04:00:00,76.4,92,85.2,0
2025-07-25 05:00:00,76.1,94,85.2,0
2025-07-25 06:00:00,75.8,91,84.5,0
2025-07-25 07:00:00,75.5,92,84.0,0
2025-07-25 08:00:00,78.3,95,89.6,1
2025-07-25 09:00:00,82.3,90,93.1,1
2025-07-25 10:00:00,84.8,83,95.3,2
2025-07-25 11:00:00,86.9,76,98.3,3
2025-07-25 12:00:00,89.0,68,101.2,1
2025-07-25 13:00:00,91.4,63,103.2,1
2025-07-25 14:00:00,93.3,55,104.9,1
2025-07-25 15:00:00,93.3,58,106.0,1
2025-07-25 16:00:00,91.8,66,104.1,3
2025-07-25 17:00:00,91.3,63,100.2,7
2025-07-25 18:00:00,89.6,72,99.6,27
2025-07-25 19:00:00,86.4,73,94.6,24
2025-07-25 20:00:00,81.4,87,91.1,38
2025-07-25 21:00:00,76.5,88,83.7,55
2025-07-25 22:00:00,78.1,89,87.1,35
2025-07-25 23:00:00,78.2,91,88.1,11
2025-07-26 00:00:00,78.1,92,87.7,5
2025-07-26 01:00:00,77.6,91,86.8,0
2025-07-26 02:00:00,77.9,91,87.7,0
2025-07-26 03:00:00,77.3,92,86.9,0
2025-07-26 04:00:00,77.8,95,88.0,0
2025-07-26 05:00:00,77.4,93,87.8,0
2025-07-26 06:00:00,77.0,92,86.7,0
2025-07-26 07:00:00,76.9,89,85.8,0
2025-07-26 08:00:00,78.8,95,90.0,0
2025-07-26 09:00:00,81.6,92,93.6,0
2025-07-26 10:00:00,84.4,85,97.2,0
2025-07-26 11:00:00,86.7,75,99.9,0
2025-07-26 12:00:00,87.4,80,104.3,0
2025-07-26 13:00:00,89.3,69,105.0,0
2025-07-26 14:00:00,89.6,65,105.1,0
2025-07-26 15:00:00,89.4,67,104.6,1
2025-07-26 16:00:00,88.8,62,99.7,1
2025-07-26 17:00:00,87.3,68,98.0,1
2025-07-26 18:00:00,86.0,85,98.3,1
2025-07-26 19:00:00,85.6,78,95.5,1
2025-07-26 20:00:00,83.8,81,94.2,0
2025-07-26 21:00:00,82.1,82,91.2,0
2025-07-26 22:00:00,81.5,85,91.9,0
2025-07-26 23:00:00,80.8,85,90.1,0
2025-07-27 00:00:00,80.6,87,91.0,0
2025-07-27 01:00:00,79.7,90,90.1,0
2025-07-27 02:00:00,80.1,90,91.0,0
2025-07-27 03:00:00,80.3,89,90.8,0
2025-07-27 04:00:00,80.0,85,89.1,0
2025-07-27 05:00:00,79.5,89,90.1,0
2025-07-27 06:00:00,79.7,90,90.8,0
2025-07-27 07:00:00,78.8,89,89.3,0
2025-07-27 08:00:00,80.8,94,93.6,0
2025-07-27 09:00:00,83.6,89,97.0,0
2025-07-27 10:00:00,85.7,88,97.9,1
2025-07-27 11:00:00,87.9,78,101.5,0
2025-07-27 12:00:00,89.6,79,106.5,0
2025-07-27 13:00:00,89.8,76,105.9,3
2025-07-27 14:00:00,90.1,79,107.0,6
2025-07-27 15:00:00,90.3,81,106.5,1
2025-07-27 16:00:00,89.1,81,104.3,1
2025-07-27 17:00:00,89.4,74,100.6,5
2025-07-27 18:00:00,89.0,74,98.0,12
2025-07-27 19:00:00,87.0,77,95.8,9
2025-07-27 20:00:00,85.1,77,92.8,15
2025-07-27 21:00:00,84.6,80,96.8,24
2025-07-27 22:00:00,82.9,83,94.5,17
2025-07-27 23:00:00,82.5,84,93.8,7
2025-07-28 00:00:00,82.0,85,93.3,1
2025-07-28 01:00:00,81.2,88,92.7,1
2025-07-28 02:00:00,80.2,92,92.2,1
2025-07-28 03:00:00,80.1,84,89.6,1
2025-07-28 04:00:00,79.8,82,89.5,0
2025-07-28 05:00:00,80.1,84,89.6,0
2025-07-28 06:00:00,79.9,85,89.6,1
2025-07-28 07:00:00,80.1,84,89.3,0
2025-07-28 08:00:00,82.1,92,94.7,1
2025-07-28 09:00:00,86.0,83,99.0,1
2025-07-28 10:00:00,88.2,80,102.6,1
2025-07-28 11:00:00,89.6,80,106.2,1
2025-07-28 12:00:00,90.2,82,109.2,1
2025-07-28 13:00:00,92.0,73,111.4,5
2025-07-28 14:00:00,92.1,61,105.9,12
2025-07-28 15:00:00,89.7,66,101.2,15
2025-07-28 16:00:00,90.5,65,99.5,18
2025-07-28 17:00:00,85.7,78,96.6,15
2025-07-28 18:00:00,89.5,71,100.5,19
2025-07-28 19:00:00,89.0,70,97.7,10
2025-07-28 20:00:00,87.3,76,97.9,9
2025-07-28 21:00:00,85.0,86,97.7,17
2025-07-28 22:00:00,84.9,82,94.8,18
2025-07-28 23:00:00,82.8,82,93.4,8
2025-07-29 00:00:00,82.6,85,94.5,1
2025-07-29 01:00:00,81.6,90,94.3,0
2025-07-29 02:00:00,81.5,87,93.4,1
2025-07-29 03:00:00,81.0,90,93.4,1
2025-07-29 04:00:00,80.8,89,92.6,1
2025-07-29 05:00:00,80.4,88,91.2,2
2025-07-29 06:00:00,80.4,89,91.7,1
2025-07-29 07:00:00,80.1,92,91.7,0
2025-07-29 08:00:00,82.1,97,96.9,1
2025-07-29 09:00:00,86.0,86,99.9,0
2025-07-29 10:00:00,88.5,78,102.2,1
2025-07-29 11:00:00,90.0,74,105.2,1
2025-07-29 12:00:00,90.4,75,107.6,1
2025-07-29 13:00:00,92.6,69,109.0,1
2025-07-29 14:00:00,92.8,61,104.5,2
2025-07-29 15:00:00,92.9,65,107.6,4
2025-07-29 16:00:00,91.8,70,106.8,7
2025-07-29 17:00:00,91.4,69,102.6,7
2025-07-29 18:00:00,88.8,72,99.1,9
2025-07-29 19:00:00,87.1,79,98.4,6
2025-07-29 20:00:00,85.7,84,97.3,14
2025-07-29 21:00:00,83.6,83,95.9,10
2025-07-29 22:00:00,84.2,81,95.6,5
2025-07-29 23:00:00,83.1,82,93.1,4
2025-07-30 00:00:00,82.3,89,94.9,5
2025-07-30 01:00:00,83.2,86,95.9,3
2025-07-30 02:00:00,82.5,89,95.0,2
2025-07-30 03:00:00,80.4,87,91.3,13
2025-07-30 04:00:00,78.7,92,89.9,20
2025-07-30 05:00:00,78.9,94,89.9,13
2025-07-30 06:00:00,79.1,88,90.0,2
2025-07-30 07:00:00,78.4,91,88.9,4
2025-07-30 08:00:00,80.5,93,92.5,9
2025-07-30 09:00:00,85.5,84,98.7,13
2025-07-30 10:00:00,86.7,77,98.3,5
2025-07-30 11:00:00,87.0,74,98.0,7
2025-07-30 12:00:00,89.6,71,104.6,2
2025-07-30 13:00:00,91.0,69,105.1,4
2025-07-30 14:00:00,92.0,67,105.3,3
2025-07-30 15:00:00,92.9,62,104.7,2
2025-07-30 16:00:00,91.6,67,103.6,2
2025-07-30 17:00:00,91.2,65,100.5,1
2025-07-30 18:00:00,89.8,70,99.1,1
2025-07-30 19:00:00,88.1,68,96.1,1
2025-07-30 20:00:00,86.1,67,93.7,0
2025-07-30 21:00:00,84.2,75,93.7,0
2025-07-30 22:00:00,82.5,78,92.8,0
2025-07-30 23:00:00,82.5,81,93.1,0
2025-07-31 00:00:00,81.7,83,92.1,0
2025-07-31 01:00:00,81.1,86,92.1,0
2025-07-31 02:00:00,81.1,84,92.0,0
2025-07-31 03:00:00,80.1,86,91.0,0
2025-07-31 04:00:00,79.7,87,90.5,0
2025-07-31 05:00:00,79.4,86,89.9,0
2025-07-31 06:00:00,80.7,85,91.3,0
2025-07-31 07:00:00,80.6,86,91.1,0
2025-07-31 08:00:00,82.1,89,94.7,1
2025-07-31 09:00:00,85.9,74,96.8,0
2025-07-31 10:00:00,87.2,72,97.9,1
2025-07-31 11:00:00,88.9,68,100.5,2
2025-07-31 12:00:00,90.5,67,101.6,2
2025-07-31 13:00:00,90.9,65,102.4,5
2025-07-31 14:00:00,92.3,60,104.7,3
2025-07-31 15:00:00,90.9,68,105.3,3
2025-07-31 16:00:00,91.9,61,102.8,4
2025-07-31 17:00:00,90.3,68,101.7,1
2025-07-31 18:00:00,89.3,70,98.9,1
2025-07-31 19:00:00,87.8,70,96.7,1
2025-07-31 20:00:00,85.9,71,94.5,1
2025-07-31 21:00:00,84.0,78,94.0,1
2025-07-31 22:00:00,84.0,77,94.5,0
2025-07-31 23:00:00,82.8,81,93.3,0
2025-08-01 00:00:00,82.6,81,93.2,0
2025-08-01 01:00:00,82.2,83,92.0,0
2025-08-01 02:00:00,81.6,81,91.9,1
2025-08-01 03:00:00,81.4,82,91.0,1
2025-08-01 04:00:00,80.9,81,90.8,1
2025-08-01 05:00:00,80.1,82,89.6,1
2025-08-01 06:00:00,80.0,79,88.5,0
2025-08-01 07:00:00,79.5,77,87.7,0
2025-08-01 08:00:00,81.2,87,93.1,0
2025-08-01 09:00:00,86.0,78,98.2,0
2025-08-01 10:00:00,86.5,72,96.7,4
2025-08-01 11:00:00,88.5,72,100.2,2
2025-08-01 12:00:00,90.3,67,102.6,2
2025-08-01 13:00:00,91.4,61,103.0,5
2025-08-01 14:00:00,91.1,64,103.8,3
2025-08-01 15:00:00,91.0,65,103.2,6
2025-08-01 16:00:00,90.5,64,101.4,5
2025-08-01 17:00:00,89.2,68,98.1,1
2025-08-01 18:00:00,88.6,68,97.0,1
2025-08-01 19:00:00,86.7,74,96.2,1
2025-08-01 20:00:00,85.7,66,93.5,1
2025-08-01 21:00:00,84.3,72,93.5,1
2025-08-01 22:00:00,83.3,77,94.0,0
2025-08-01 23:00:00,82.5,79,92.8,0
2025-08-02 00:00:00,82.1,80,92.5,0
2025-08-02 01:00:00,81.6,82,92.3,0
2025-08-02 02:00:00,81.5,81,91.2,0
2025-08-02 03:00:00,80.6,81,90.9,0
2025-08-02 04:00:00,80.1,82,90.1,0
2025-08-02 05:00:00,79.5,84,88.9,0
2025-08-02 06:00:00,79.2,86,89.4,0
2025-08-02 07:00:00,79.5,84,89.5,0
2025-08-02 08:00:00,81.1,88,93.1,1
2025-08-02 09:00:00,84.7,81,97.2,0
2025-08-02 10:00:00,86.4,78,98.9,2
2025-08-02 11:00:00,86.6,74,96.8,2
2025-08-02 12:00:00,88.7,71,100.1,5
2025-08-02 13:00:00,88.5,72,101.8,2
2025-08-02 14:00:00,89.5,70,102.0,2
2025-08-02 15:00:00,90.0,67,102.4,2
2025-08-02 16:00:00,90.2,65,100.8,2
2025-08-02 17:00:00,89.0,69,98.6,1
2025-08-02 18:00:00,88.2,65,95.8,1
2025-08-02 19:00:00,86.3,70,95.0,1
2025-08-02 20:00:00,85.1,70,93.9,1
2025-08-02 21:00:00,83.0,76,92.5,1
2025-08-02 22:00:00,83.2,78,93.4,1
2025-08-02 23:00:00,82.3,81,92.6,1
2025-08-03 00:00:00,81.7,81,92.0,0
2025-08-03 01:00:00,80.4,86,91.2,0
2025-08-03 02:00:00,79.6,89,90.1,0
2025-08-03 03:00:00,79.7,84,89.8,0
2025-08-03 04:00:00,78.8,84,88.0,0
2025-08-03 05:00:00,78.2,87,88.3,0
2025-08-03 06:00:00,78.0,88,87.7,0
2025-08-03 07:00:00,77.5,86,86.1,0
2025-08-03 08:00:00,79.8,88,90.7,0
2025-08-03 09:00:00,83.3,82,94.3,0
2025-08-03 10:00:00,87.1,70,96.1,1
2025-08-03 11:00:00,86.9,71,94.7,1
2025-08-03 12:00:00,89.3,65,98.4,2
2025-08-03 13:00:00,91.5,62,102.1,1
2025-08-03 14:00:00,92.0,60,101.9,1
2025-08-03 15:00:00,90.5,59,99.0,1
2025-08-03 16:00:00,91.2,59,100.8,1
2025-08-03 17:00:00,90.5,61,99.2,1
2025-08-03 18:00:00,88.8,66,97.6,1
2025-08-03 19:00:00,87.5,65,95.6,1
2025-08-03 20:00:00,86.0,65,94.0,1
2025-08-03 21:00:00,85.2,69,94.6,1
2025-08-03 22:00:00,83.8,73,93.4,1
2025-08-03 23:00:00,82.4,78,92.6,1
2025-08-04 00:00:00,81.5,78,91.3,0
2025-08-04 01:00:00,81.1,80,91.1,0
2025-08-04 02:00:00,79.7,87,90.3,1
2025-08-04 03:00:00,79.3,85,88.9,1
2025-08-04 04:00:00,79.6,82,88.6,0
2025-08-04 05:00:00,79.4,82,87.9,9
2025-08-04 06:00:00,78.4,89,87.3,16
2025-08-04 07:00:00,78.5,88,88.2,13
2025-08-04 08:00:00,80.7,90,91.7,5
2025-08-04 09:00:00,85.0,81,96.7,7
2025-08-04 10:00:00,88.0,71,97.7,4
2025-08-04 11:00:00,88.2,69,96.9,3
2025-08-04 12:00:00,90.6,64,100.6,1
2025-08-04 13:00:00,91.5,62,101.6,4
2025-08-04 14:00:00,91.9,61,101.4,5
2025-08-04 15:00:00,91.6,58,100.3,1
2025-08-04 16:00:00,92.0,61,102.6,1
2025-08-04 17:00:00,90.5,69,102.2,1
2025-08-04 18:00:00,89.6,67,98.3,2
2025-08-04 19:00:00,89.4,67,98.6,1
2025-08-04 20:00:00,86.5,75,97.2,1
2025-08-04 21:00:00,86.3,74,97.6,4
2025-08-04 22:00:00,84.0,80,95.7,3
2025-08-04 23:00:00,83.3,75,92.4,4
2025-08-05 00:00:00,82.2,70,87.9,5
2025-08-05 01:00:00,78.8,82,85.5,15
2025-08-05 02:00:00,79.3,77,85.4,10
2025-08-05 03:00:00,77.2,80,83.3,4
2025-08-05 04:00:00,76.7,83,83.8,2
2025-08-05 05:00:00,77.0,85,85.3,4
2025-08-05 06:00:00,76.8,86,84.5,1
2025-08-05 07:00:00,77.1,88,85.8,1
2025-08-05 08:00:00,79.4,84,88.4,1
2025-08-05 09:00:00,83.4,82,93.6,1
2025-08-05 10:00:00,86.8,77,97.9,1
2025-08-05 11:00:00,89.2,68,99.9,6
2025-08-05 12:00:00,86.6,70,96.7,23
2025-08-05 13:00:00,88.7,67,99.0,36
2025-08-05 14:00:00,91.4,61,102.6,27
2025-08-05 15:00:00,91.3,62,103.7,8
2025-08-05 16:00:00,90.6,63,102.0,3
2025-08-05 17:00:00,91.5,60,101.4,1
2025-08-05 18:00:00,90.4,66,100.5,2
2025-08-05 19:00:00,88.7,66,97.5,1
2025-08-05 20:00:00,85.9,76,96.1,2
2025-08-05 21:00:00,85.1,76,95.8,2
2025-08-05 22:00:00,83.9,77,94.7,5
2025-08-05 23:00:00,82.8,82,93.9,6
2025-08-06 00:00:00,82.4,81,92.3,6
2025-08-06 01:00:00,80.6,83,89.9,1
2025-08-06 02:00:00,79.2,85,88.0,1
2025-08-06 03:00:00,78.4,86,87.7,2
2025-08-06 04:00:00,78.7,85,87.5,4
2025-08-06 05:00:00,77.8,87,86.9,0
2025-08-06 06:00:00,77.2,89,86.2,0
2025-08-06 07:00:00,76.8,90,86.0,0
2025-08-06 08:00:00,79.0,93,90.3,0
2025-08-06 09:00:00,83.3,85,94.8,0
2025-08-06 10:00:00,86.9,78,100.5,1
2025-08-06 11:00:00,89.8,70,103.4,1
2025-08-06 12:00:00,90.9,66,105.0,2
2025-08-06 13:00:00,89.6,67,99.6,5
2025-08-06 14:00:00,93.2,55,102.0,9
2025-08-06 15:00:00,92.3,59,102.2,11
2025-08-06 16:00:00,89.9,68,100.9,4
2025-08-06 17:00:00,89.1,61,96.2,9
2025-08-06 18:00:00,88.0,67,94.9,9
2025-08-06 19:00:00,87.5,68,94.5,8
2025-08-06 20:00:00,86.0,65,92.5,11
2025-08-06 21:00:00,84.3,70,93.3,12
2025-08-06 22:00:00,81.9,71,89.2,15
2025-08-06 23:00:00,80.6,78,89.6,14
2025-08-07 00:00:00,80.2,79,89.0,3
2025-08-07 01:00:00,79.7,80,89.0,0
2025-08-07 02:00:00,78.3,85,87.1,0
2025-08-07 03:00:00,78.0,86,87.1,0
2025-08-07 04:00:00,77.7,84,86.5,0
2025-08-07 05:00:00,77.3,85,85.6,1
2025-08-07 06:00:00,77.4,84,85.4,3
2025-08-07 07:00:00,76.8,86,84.7,4
2025-08-07 08:00:00,79.3,88,89.6,4
2025-08-07 09:00:00,82.6,89,95.8,2
2025-08-07 10:00:00,84.6,84,96.6,2
2025-08-07 11:00:00,87.2,80,100.4,1
2025-08-07 12:00:00,89.9,63,100.5,2
2025-08-07 13:00:00,90.1,69,105.9,1
2025-08-07 14:00:00,82.9,90,92.5,7
2025-08-07 15:00:00,89.5,68,100.9,9
2025-08-07 16:00:00,88.1,72,100.1,12
2025-08-07 17:00:00,89.4,59,98.2,17
2025-08-07 18:00:00,86.5,64,94.2,22
2025-08-07 19:00:00,77.5,85,83.7,43
2025-08-07 20:00:00,77.0,87,82.3,44
2025-08-07 21:00:00,75.8,90,84.2,55
2025-08-07 22:00:00,75.2,92,81.8,48
2025-08-07 23:00:00,75.4,93,84.2,26
2025-08-08 00:00:00,76.0,93,85.3,17
2025-08-08 01:00:00,76.2,96,86.8,8
2025-08-08 02:00:00,76.0,95,85.7,9
2025-08-08 03:00:00,75.9,95,85.4,7
2025-08-08 04:00:00,76.0,94,85.6,5
2025-08-08 05:00:00,75.4,94,84.4,3
2025-08-08 06:00:00,75.7,94,85.2,4
2025-08-08 07:00:00,75.7,94,84.5,3
2025-08-08 08:00:00,77.4,94,86.8,2
2025-08-08 09:00:00,79.6,89,88.5,2
2025-08-08 10:00:00,81.6,88,91.4,2
2025-08-08 11:00:00,83.5,84,95.1,2
2025-08-08 12:00:00,84.9,80,97.1,2
2025-08-08 13:00:00,86.5,77,98.9,3
2025-08-08 14:00:00,87.1,71,98.9,9
2025-08-08 15:00:00,89.8,62,102.4,14
2025-08-08 16:00:00,82.8,74,89.3,27
2025-08-08 17:00:00,85.1,79,93.8,39
2025-08-08 18:00:00,84.0,75,91.1,57
2025-08-08 19:00:00,76.5,100,85.9,47
2025-08-08 20:00:00,76.6,91,83.6,72
2025-08-08 21:00:00,75.9,92,83.2,72
2025-08-08 22:00:00,75.6,91,82.9,58
2025-08-08 23:00:00,75.8,95,84.2,41
2025-08-09 00:00:00,75.9,92,83.8,25
2025-08-09 01:00:00,75.0,93,82.7,13
2025-08-09 02:00:00,75.5,94,84.4,5
2025-08-09 03:00:00,75.2,93,83.7,2
2025-08-09 04:00:00,75.8,94,84.3,5
2025-08-09 05:00:00,75.6,94,84.2,5
2025-08-09 06:00:00,75.7,93,83.8,14
2025-08-09 07:00:00,76.2,93,84.7,9
2025-08-09 08:00:00,77.1,94,86.4,9
2025-08-09 09:00:00,80.6,86,89.5,7
2025-08-09 10:00:00,82.3,85,91.7,8
2025-08-09 11:00:00,83.6,81,93.4,8
2025-08-09 12:00:00,85.6,76,97.2,8
2025-08-09 13:00:00,85.9,78,96.0,5
2025-08-09 14:00:00,87.5,69,96.9,9
2025-08-09 15:00:00,79.4,95,89.1,24
2025-08-09 16:00:00,83.1,80,92.6,43
2025-08-09 17:00:00,82.6,84,92.7,46
2025-08-09 18:00:00,82.0,84,91.9,39
2025-08-09 19:00:00,79.3,91,90.2,43
2025-08-09 20:00:00,78.4,90,88.6,54
2025-08-09 21:00:00,78.1,92,88.4,69
2025-08-09 22:00:00,77.6,92,88.1,51
2025-08-09 23:00:00,77.4,93,87.5,34
2025-08-10 00:00:00,77.1,93,87.2,12
2025-08-10 01:00:00,77.5,95,87.5,5
2025-08-10 02:00:00,77.0,93,85.4,4
2025-08-10 03:00:00,76.6,94,85.1,5
2025-08-10 04:00:00,76.3,94,84.8,4
2025-08-10 05:00:00,76.1,95,84.5,3
2025-08-10 06:00:00,76.1,94,84.4,5
2025-08-10 07:00:00,75.7,93,83.5,8
2025-08-10 08:00:00,77.1,90,84.2,8
2025-08-10 09:00:00,78.4,92,86.5,7
2025-08-10 10:00:00,79.8,92,89.0,11
2025-08-10 11:00:00,82.7,83,92.9,13
2025-08-10 12:00:00,83.8,86,95.8,15
2025-08-10 13:00:00,85.8,75,95.6,21
2025-08-10 14:00:00,79.8,93,89.9,31
2025-08-10 15:00:00,79.8,89,87.3,47
2025-08-10 16:00:00,80.6,94,92.0,57
2025-08-10 17:00:00,79.9,91,88.2,59
2025-08-10 18:00:00,77.5,95,87.4,53
2025-08-10 19:00:00,77.9,94,87.3,50
2025-08-10 20:00:00,77.4,90,85.7,52
2025-08-10 21:00:00,75.0,98,83.5,57
2025-08-10 22:00:00,74.9,91,82.4,58
2025-08-10 23:00:00,74.4,95,83.3,49
2025-08-11 00:00:00,74.9,97,84.7,44
2025-08-11 01:00:00,74.8,96,82.8,51
2025-08-11 02:00:00,73.5,97,81.2,57
2025-08-11 03:00:00,74.0,97,81.9,55
2025-08-11 04:00:00,74.3,99,83.0,45
2025-08-11 05:00:00,75.2,97,84.5,35
2025-08-11 06:00:00,75.6,92,82.9,14
2025-08-11 07:00:00,75.8,91,83.3,14
2025-08-11 08:00:00,76.6,92,84.7,18
2025-08-11 09:00:00,78.6,92,86.9,19
2025-08-11 10:00:00,81.0,88,89.8,18
2025-08-11 11:00:00,83.7,80,91.8,17
2025-08-11 12:00:00,85.3,80,96.9,15
2025-08-11 13:00:00,87.0,70,98.0,13
2025-08-11 14:00:00,86.9,74,98.5,20
2025-08-11 15:00:00,87.8,65,96.9,13
2025-08-11 16:00:00,88.0,67,97.6,12
2025-08-11 17:00:00,87.5,70,97.3,9
2025-08-11 18:00:00,85.8,73,93.1,7
2025-08-11 19:00:00,84.3,76,93.2,6
2025-08-11 20:00:00,82.4,78,90.7,9
2025-08-11 21:00:00,80.6,84,90.7,2
2025-08-11 22:00:00,80.7,82,90.0,3
2025-08-11 23:00:00,79.5,88,89.3,5
2025-08-12 00:00:00,79.7,87,89.0,5
2025-08-12 01:00:00,78.9,91,89.4,10
2025-08-12 02:00:00,78.5,87,87.9,9
2025-08-12 03:00:00,77.8,91,87.7,8
2025-08-12 04:00:00,77.4,90,86.5,3
2025-08-12 05:00:00,77.0,92,86.3,0
2025-08-12 06:00:00,77.3,92,86.8,0
2025-08-12 07:00:00,76.6,91,85.1,0
2025-08-12 08:00:00,78.7,92,88.2,0
2025-08-12 09:00:00,81.7,87,91.7,1
2025-08-12 10:00:00,84.2,84,94.3,3
2025-08-12 11:00:00,86.1,78,97.9,3
2025-08-12 12:00:00,88.0,73,101.3,1
2025-08-12 13:00:00,88.6,72,102.4,1
2025-08-12 14:00:00,89.2,68,101.1,1
2025-08-12 15:00:00,90.6,59,101.0,1
2025-08-12 16:00:00,89.6,63,100.5,2
2025-08-12 17:00:00,87.4,73,99.9,1
2025-08-12 18:00:00,86.5,82,97.6,2
2025-08-12 19:00:00,86.0,73,95.0,3
2025-08-12 20:00:00,84.8,73,94.0,7
2025-08-12 21:00:00,83.0,88,95.8,6
2025-08-12 22:00:00,82.4,86,94.7,6
2025-08-12 23:00:00,81.6,84,91.8,6
2025-08-13 00:00:00,80.6,85,90.9,10
2025-08-13 01:00:00,79.7,86,89.1,7
2025-08-13 02:00:00,79.3,89,89.6,14
2025-08-13 03:00:00,78.6,91,88.1,16
2025-08-13 04:00:00,78.8,92,89.4,13
2025-08-13 05:00:00,77.9,91,87.2,4
2025-08-13 06:00:00,77.3,90,86.2,1
2025-08-13 07:00:00,77.3,90,86.8,1
2025-08-13 08:00:00,78.3,91,89.1,3
2025-08-13 09:00:00,83.1,83,94.7,4
2025-08-13 10:00:00,85.3,81,97.0,2
2025-08-13 11:00:00,86.9,82,100.4,2
2025-08-13 12:00:00,87.5,79,100.5,6
2025-08-13 13:00:00,89.9,70,102.0,15
2025-08-13 14:00:00,87.2,75,98.5,18
2025-08-13 15:00:00,88.6,71,98.1,24
2025-08-13 16:00:00,90.5,62,101.1,14
2025-08-13 17:00:00,89.4,70,98.2,7
2025-08-13 18:00:00,88.5,72,98.2,2
2025-08-13 19:00:00,87.6,68,96.6,2
2025-08-13 20:00:00,85.1,74,94.7,2
2025-08-13 21:00:00,83.2,84,95.1,2
2025-08-13 22:00:00,81.6,88,93.6,4
2025-08-13 23:00:00,81.6,90,94.3,2
2025-08-14 00:00:00,81.9,91,94.6,1
2025-08-14 01:00:00,80.9,91,92.7,1
2025-08-14 02:00:00,80.1,91,92.1,1
2025-08-14 03:00:00,79.2,93,91.0,0
2025-08-14 04:00:00,79.1,92,90.4,0
2025-08-14 05:00:00,78.7,90,89.1,0
2025-08-14 06:00:00,78.8,88,89.2,0
2025-08-14 07:00:00,78.7,87,87.7,0
2025-08-14 08:00:00,80.1,92,92.2,0
2025-08-14 09:00:00,84.5,89,98.7,2
2025-08-14 10:00:00,86.6,83,100.9,3
2025-08-14 11:00:00,87.9,76,101.8,5
2025-08-14 12:00:00,89.3,75,102.8,7
2025-08-14 13:00:00,89.4,74,104.1,17
2025-08-14 14:00:00,88.6,65,97.3,13
2025-08-14 15:00:00,91.7,63,103.5,14
2025-08-14 16:00:00,91.1,63,101.1,11
2025-08-14 17:00:00,89.0,70,99.9,8
2025-08-14 18:00:00,89.8,63,98.5,3
2025-08-14 19:00:00,88.1,69,97.9,1
2025-08-14 20:00:00,86.0,72,96.1,1
2025-08-14 21:00:00,84.2,75,93.9,1
2025-08-14 22:00:00,83.3,78,94.3,1
2025-08-14 23:00:00,83.4,81,95.0,1
2025-08-15 00:00:00,82.3,87,94.2,1
2025-08-15 01:00:00,81.9,86,93.2,1
2025-08-15 02:00:00,81.5,84,91.7,0
2025-08-15 03:00:00,80.4,87,91.2,0
2025-08-15 04:00:00,79.8,90,91.4,1
2025-08-15 05:00:00,79.2,95,90.5,3
2025-08-15 06:00:00,79.0,94,90.4,3
2025-08-15 07:00:00,79.3,93,90.2,4
2025-08-15 08:00:00,81.5,92,93.5,3
2025-08-15 09:00:00,84.1,85,95.9,2
2025-08-15 10:00:00,87.0,78,98.7,4
2025-08-15 11:00:00,89.6,68,102.2,3
2025-08-15 12:00:00,91.1,66,104.5,6
2025-08-15 13:00:00,89.0,72,101.2,10
2025-08-15 14:00:00,92.1,55,98.8,12
2025-08-15 15:00:00,90.5,72,104.2,12
2025-08-15 16:00:00,91.3,63,102.1,7
2025-08-15 17:00:00,90.9,60,98.1,10
2025-08-15 18:00:00,88.8,69,97.4,20
2025-08-15 19:00:00,87.2,74,97.7,5
2025-08-15 20:00:00,85.2,73,93.9,3
2025-08-15 21:00:00,83.6,77,92.8,6
2025-08-15 22:00:00,83.3,82,94.4,15
2025-08-15 23:00:00,82.7,80,91.9,13
2025-08-16 00:00:00,82.6,84,93.7,16
2025-08-16 01:00:00,82.4,82,92.0,23
2025-08-16 02:00:00,80.8,92,93.0,15
2025-08-16 03:00:00,80.3,94,92.9,8
2025-08-16 04:00:00,80.5,89,92.3,4
2025-08-16 05:00:00,80.2,90,91.5,1
2025-08-16 06:00:00,80.1,87,90.8,1
2025-08-16 07:00:00,80.1,87,90.9,2
2025-08-16 08:00:00,81.6,91,94.4,2
2025-08-16 09:00:00,84.8,81,95.8,1
2025-08-16 10:00:00,86.9,76,98.6,2
2025-08-16 11:00:00,89.1,72,102.6,3
2025-08-16 12:00:00,92.0,66,106.6,2
2025-08-16 13:00:00,92.2,63,104.5,11
2025-08-16 14:00:00,94.0,59,103.4,17
2025-08-16 15:00:00,89.3,68,98.1,13
2025-08-16 16:00:00,90.8,68,102.8,7
2025-08-16 17:00:00,89.8,74,101.1,11
2025-08-16 18:00:00,89.1,68,97.2,11
2025-08-16 19:00:00,87.3,74,96.4,11
2025-08-16 20:00:00,87.1,67,93.7,16
2025-08-16 21:00:00,84.8,74,95.3,12
2025-08-16 22:00:00,83.4,86,96.1,17
2025-08-16 23:00:00,82.2,82,93.3,16
2025-08-17 00:00:00,81.5,91,93.4,4
2025-08-17 01:00:00,80.6,91,92.1,2
2025-08-17 02:00:00,79.9,87,90.3,1
2025-08-17 03:00:00,79.1,85,87.7,1
2025-08-17 04:00:00,78.4,90,88.4,1
2025-08-17 05:00:00,78.6,87,87.8,1
2025-08-17 06:00:00,78.1,90,88.0,2
2025-08-17 07:00:00,77.7,93,88.2,3
2025-08-17 08:00:00,79.6,92,91.2,1
2025-08-17 09:00:00,83.1,86,94.8,1
2025-08-17 10:00:00,86.3,79,98.0,3
2025-08-17 11:00:00,89.6,68,102.0,4
2025-08-17 12:00:00,89.2,74,103.2,5
2025-08-17 13:00:00,92.3,62,101.6,10
2025-08-17 14:00:00,89.2,73,100.6,7
2025-08-17 15:00:00,89.6,71,100.7,24
2025-08-17 16:00:00,86.9,83,99.5,18
2025-08-17 17:00:00,89.0,70,99.2,13
2025-08-17 18:00:00,86.6,76,97.5,9
2025-08-17 19:00:00,86.6,71,96.1,4
2025-08-17 20:00:00,84.5,72,93.9,10
2025-08-17 21:00:00,85.0,78,95.3,5
2025-08-17 22:00:00,82.4,78,92.0,5
2025-08-17 23:00:00,81.1,82,91.9,6
2025-08-18 00:00:00,80.7,88,91.8,5
2025-08-18 01:00:00,80.3,89,91.6,6
2025-08-18 02:00:00,79.9,91,90.9,2
2025-08-18 03:00:00,79.7,91,90.4,3
2025-08-18 04:00:00,79.2,91,88.9,3
2025-08-18 05:00:00,78.8,93,89.2,3
2025-08-18 06:00:00,78.8,92,89.5,1
2025-08-18 07:00:00,78.5,93,89.2,1
2025-08-18 08:00:00,80.2,93,91.8,3
2025-08-18 09:00:00,83.3,88,94.6,3
2025-08-18 10:00:00,86.6,79,97.8,5
2025-08-18 11:00:00,90.0,66,101.6,4
2025-08-18 12:00:00,91.5,62,101.9,5
2025-08-18 13:00:00,89.9,67,100.7,8
2025-08-18 14:00:00,79.2,75,85.0,23
2025-08-18 15:00:00,85.3,82,96.1,33
2025-08-18 16:00:00,88.1,77,102.2,34
2025-08-18 17:00:00,87.2,75,98.4,26
2025-08-18 18:00:00,86.7,72,95.7,12
2025-08-18 19:00:00,85.6,79,96.9,7
2025-08-18 20:00:00,83.9,89,97.2,8
2025-08-18 21:00:00,83.6,88,95.9,10
2025-08-18 22:00:00,81.6,87,92.8,8
2025-08-18 23:00:00,79.9,89,90.0,4
2025-08-19 00:00:00,79.2,94,91.0,4
2025-08-19 01:00:00,79.6,94,91.0,4
2025-08-19 02:00:00,78.8,92,88.5,1
2025-08-19 03:00:00,78.7,91,88.8,1
2025-08-19 04:00:00,78.6,90,88.9,2
2025-08-19 05:00:00,78.3,93,88.8,1
2025-08-19 06:00:00,77.9,94,89.1,1
2025-08-19 07:00:00,77.4,94,87.4,2
2025-08-19 08:00:00,78.8,93,89.3,1
2025-08-19 09:00:00,80.9,91,91.5,1
2025-08-19 10:00:00,84.0,87,95.1,2
2025-08-19 11:00:00,85.5,84,98.9,2
2025-08-19 12:00:00,87.5,75,103.2,2
2025-08-19 13:00:00,88.7,71,104.7,2
2025-08-19 14:00:00,87.2,77,94.8,11
2025-08-19 15:00:00,86.6,74,95.0,21
2025-08-19 16:00:00,83.2,73,90.7,43
2025-08-19 17:00:00,80.4,93,91.9,42
2025-08-19 18:00:00,85.2,80,97.2,29
2025-08-19 19:00:00,86.1,73,96.4,19
2025-08-19 20:00:00,84.5,77,94.2,8
2025-08-19 21:00:00,80.2,75,86.1,12
2025-08-19 22:00:00,79.1,80,86.6,18
2025-08-19 23:00:00,78.5,81,87.3,14
2025-08-20 00:00:00,77.9,88,87.0,11
2025-08-20 01:00:00,78.5,88,88.4,8
2025-08-20 02:00:00,78.0,85,87.1,1
2025-08-20 03:00:00,77.4,88,86.7,1
2025-08-20 04:00:00,76.9,88,85.6,2
2025-08-20 05:00:00,76.7,88,85.2,3
2025-08-20 06:00:00,76.5,87,84.1,3
2025-08-20 07:00:00,76.1,88,84.1,3
2025-08-20 08:00:00,77.4,92,87.1,3
2025-08-20 09:00:00,80.0,86,89.2,3
2025-08-20 10:00:00,82.2,82,91.4,3
2025-08-20 11:00:00,84.4,70,93.1,3
2025-08-20 12:00:00,86.0,70,97.8,3
2025-08-20 13:00:00,86.3,69,97.9,3
2025-08-20 14:00:00,86.4,67,97.2,3
2025-08-20 15:00:00,86.6,65,96.7,4
2025-08-20 16:00:00,86.3,65,95.0,3
2025-08-20 17:00:00,85.5,65,92.6,3
2025-08-20 18:00:00,84.3,67,90.5,2
2025-08-20 19:00:00,83.1,73,91.0,2
2025-08-20 20:00:00,81.3,77,89.6,2
2025-08-20 21:00:00,80.1,78,87.9,3
2025-08-20 22:00:00,79.2,79,86.5,2
2025-08-20 23:00:00,78.8,78,85.5,2
2025-08-21 00:00:00,78.4,78,84.9,1
2025-08-21 01:00:00,78.2,77,84.7,1
2025-08-21 02:00:00,77.4,82,85.2,1
2025-08-21 03:00:00,76.8,84,83.9,2
2025-08-21 04:00:00,77.4,78,84.2,3
2025-08-21 05:00:00,77.4,75,83.3,5
2025-08-21 06:00:00,77.4,75,83.1,7
2025-08-21 07:00:00,77.4,76,83.3,7
2025-08-21 08:00:00,78.6,82,86.2,7
2025-08-21 09:00:00,83.1,80,93.9,6
2025-08-21 10:00:00,84.9,69,92.7,7
2025-08-21 11:00:00,85.1,69,92.8,4
2025-08-21 12:00:00,86.5,72,98.6,9
2025-08-21 13:00:00,86.5,72,97.1,7
2025-08-21 14:00:00,86.0,73,95.9,10
2025-08-21 15:00:00,86.5,72,96.7,10
2025-08-21 16:00:00,86.3,70,94.5,9
2025-08-21 17:00:00,82.5,80,89.5,9
2025-08-21 18:00:00,82.7,72,89.8,8
2025-08-21 19:00:00,82.7,80,92.9,39
2025-08-21 20:00:00,80.9,83,90.0,39
2025-08-21 21:00:00,80.3,84,89.5,19
2025-08-21 22:00:00,79.0,85,87.2,19
2025-08-21 23:00:00,78.8,86,87.3,19
2025-08-22 00:00:00,78.9,85,87.1,19
2025-08-22 01:00:00,79.3,82,87.2,19
2025-08-22 02:00:00,78.8,82,86.7,19
2025-08-22 03:00:00,85.5,68,91.7,33
2025-08-22 04:00:00,85.5,68,91.9,33
2025-08-22 05:00:00,85.5,68,92.0,33
2025-08-22 06:00:00,85.5,67,91.6,33
2025-08-22 07:00:00,85.5,67,91.3,33
2025-08-22 08:00:00,85.6,66,91.1,33
2025-08-22 09:00:00,86.5,64,91.9,67
2025-08-22 10:00:00,87.3,62,92.6,67
2025-08-22 11:00:00,87.6,62,94.1,67
2025-08-22 12:00:00,89.6,56,96.1,67
2025-08-22 13:00:00,90.5,52,96.7,67
2025-08-22 14:00:00,90.7,53,97.5,67
2025-08-22 15:00:00,90.0,57,96.7,65
2025-08-22 16:00:00,89.4,59,95.7,65
2025-08-22 17:00:00,88.9,60,94.5,65
2025-08-22 18:00:00,88.5,60,93.1,65
2025-08-22 19:00:00,88.3,60,92.7,65
2025-08-22 20:00:00,87.4,59,91.6,65
2025-08-22 21:00:00,86.9,60,91.6,41
2025-08-22 22:00:00,86.7,61,92.1,41
2025-08-22 23:00:00,86.5,61,91.6,41
2025-08-23 00:00:00,86.4,62,91.9,41
2025-08-23 01:00:00,86.0,63,91.2,41
2025-08-23 02:00:00,85.8,63,90.9,41
2025-08-23 03:00:00,85.5,64,90.4,43
2025-08-23 04:00:00,85.3,65,90.2,43
2025-08-23 05:00:00,85.1,66,90.6,43
2025-08-23 06:00:00,84.7,68,91.0,43
2025-08-23 07:00:00,84.7,69,91.6,43
2025-08-23 08:00:00,84.6,69,90.6,43
2025-08-23 09:00:00,85.1,68,91.3,68
2025-08-23 10:00:00,86.4,64,92.3,68
2025-08-23 11:00:00,87.8,61,94.2,68
2025-08-23 12:00:00,88.3,59,95.3,68
2025-08-23 13:00:00,89.1,56,96.5,68
2025-08-23 14:00:00,89.4,55,96.4,68
2025-08-23 15:00:00,89.6,55,96.7,67
2025-08-23 16:00:00,89.6,55,95.8,67
2025-08-23 17:00:00,89.2,56,93.9,67
2025-08-23 18:00:00,88.7,58,93.1,67
2025-08-23 19:00:00,87.8,60,92.4,67
2025-08-23 20:00:00,86.7,62,91.7,67
2025-08-23 21:00:00,86.2,64,91.6,31
2025-08-23 22:00:00,86.0,65,91.7,31
2025-08-23 23:00:00,85.8,66,91.7,31
2025-08-24 00:00:00,85.6,67,91.7,31
2025-08-24 01:00:00,85.5,67,91.2,31
2025-08-24 02:00:00,85.3,67,90.7,31
2025-08-24 03:00:00,85.1,67,90.6,41
2025-08-24 04:00:00,84.9,67,90.5,41
2025-08-24 05:00:00,84.7,68,90.7,41
2025-08-24 06:00:00,84.6,70,91.2,41
2025-08-24 07:00:00,84.2,72,91.3,41
2025-08-24 08:00:00,84.6,70,91.4,41
2025-08-24 09:00:00,85.6,67,92.2,69
2025-08-24 10:00:00,86.9,63,92.9,69
2025-08-24 11:00:00,88.2,59,94.2,69
2025-08-24 12:00:00,88.7,59,96.0,69
2025-08-24 13:00:00,89.4,58,97.0,69
2025-08-24 14:00:00,90.0,57,97.6,69
2025-08-24 15:00:00,89.8,57,96.7,63
2025-08-24 16:00:00,88.9,58,94.9,63
2025-08-24 17:00:00,88.7,58,93.8,63
2025-08-24 18:00:00,88.3,58,92.2,63
2025-08-24 19:00:00,87.6,61,91.4,63
2025-08-24 20:00:00,86.4,64,90.4,63
2025-08-24 21:00:00,86.0,64,90.2,24
2025-08-24 22:00:00,85.8,64,90.8,24
2025-08-24 23:00:00,85.6,64,91.3,24
2025-08-25 00:00:00,85.3,65,91.0,24
2025-08-25 01:00:00,85.1,66,90.9,24
2025-08-25 02:00:00,84.9,66,90.3,24
2025-08-25 03:00:00,84.8,67,90.3,32
2025-08-25 04:00:00,84.7,67,90.1,32
2025-08-25 05:00:00,84.6,68,90.0,32
2025-08-25 06:00:00,84.2,69,89.5,32
2025-08-25 07:00:00,83.7,71,89.0,32
2025-08-25 08:00:00,83.7,71,88.8,32
2025-08-25 09:00:00,84.4,69,89.2,53
2025-08-25 10:00:00,85.5,66,89.6,53
2025-08-25 11:00:00,86.5,63,90.6,53
2025-08-25 12:00:00,87.4,61,92.3,53
2025-08-25 13:00:00,88.3,60,93.6,53
2025-08-25 14:00:00,88.7,59,94.2,53
2025-08-25 15:00:00,88.8,58,94.1,43
2025-08-25 16:00:00,88.5,57,93.2,43
2025-08-25 17:00:00,88.2,57,92.0,43
2025-08-25 18:00:00,87.7,57,90.8,43
2025-08-25 19:00:00,87.2,58,91.1,43
2025-08-25 20:00:00,86.7,59,91.2,43
2025-08-25 21:00:00,86.4,60,91.3,15
2025-08-25 22:00:00,86.0,62,91.5,15
2025-08-25 23:00:00,85.6,63,91.3,15
2025-08-26 00:00:00,85.4,64,90.8,15
2025-08-26 01:00:00,85.1,64,90.0,15
2025-08-26 02:00:00,84.9,65,89.9,15
2025-08-26 03:00:00,84.7,66,89.9,15
2025-08-26 04:00:00,84.6,67,89.8,15
2025-08-26 05:00:00,84.4,68,89.6,15
2025-08-26 06:00:00,84.2,68,89.1,15
2025-08-26 07:00:00,84.0,67,88.0,15
2025-08-26 08:00:00,84.2,65,87.4,15
2025-08-26 09:00:00,84.7,59,87.2,25
2025-08-26 10:00:00,85.6,51,87.3,25
2025-08-26 11:00:00,86.5,45,88.5,25
2025-08-26 12:00:00,88.1,42,91.9,25
2025-08-26 13:00:00,90.0,41,94.8,25
2025-08-26 14:00:00,91.0,41,95.5,25
2025-08-26 15:00:00,90.9,41,93.9,33
2025-08-26 16:00:00,90.1,42,91.2,33
2025-08-26 17:00:00,89.2,42,88.3,33
2025-08-26 18:00:00,88.7,42,86.5,33
2025-08-26 19:00:00,88.3,42,86.6,33
2025-08-26 20:00:00,87.8,42,86.6,33
2025-08-26 21:00:00,87.5,41,85.9,18
2025-08-26 22:00:00,87.3,41,85.3,18
2025-08-26 23:00:00,86.7,40,84.5,18
